grau,nome,cidade,código,conceito,situação,siglaIes,modalidade,idPrograma,idModalidade,programaEmRede,idAreaAvaliacao,nomeAreaAvaliacao,idAreaConhecimento,nomeAreaConhecimento,idModalidadeEnsino,nomeModalidadeEnsino,idGrandeAreaConhecimento,nomeGrandeAreaConhecimento
Mestrado/Doutorado,ADMINISTRAÇÃO,Salvador,28001010020P3,4,EM FUNCIONAMENTO,UFBA,ACADÊMICO,374,1,0,27,"ADMINISTRAÇÃO PÚBLICA E DE EMPRESAS, CIÊNCIAS CONTÁBEIS E TURISMO",75,ADMINISTRAÇÃO,1,Educação Presencial,6,CIÊNCIAS SOCIAIS APLICADAS
Mestrado/Doutorado,Estudos Literários,Feira de Santana,28002016003P4,5,EM FUNCIONAMENTO,UEFS,ACADÊMICO,398,1,0,41,LINGUíSTICA E LITERATURA,90,LETRAS,1,Educação Presencial,8,"LINGÜÍSTICA, LETRAS E ARTES"
Mestrado/Doutorado,Linguística,Vitória da Conquista,28006011011P2,5,EM FUNCIONAMENTO,UESB,ACADÊMICO,204563,1,0,41,LINGUíSTICA E LITERATURA,89,LINGÜÍSTICA,1,Educação Presencial,8,"LINGÜÍSTICA, LETRAS E ARTES"
Mestrado,Agronomia: Horticultura Irrigada,"Paulo Afonso, Senhor de Bonfim, Alagoinhas",28005015005P6,4,EM FUNCIONAMENTO,UNEB,ACADÊMICO,202644,1,0,42,CIÊNCIAS AGRÁRIAS I,60,AGRONOMIA,1,Educação Presencial,5,CIÊNCIAS AGRÁRIAS
Mestrado,ENGENHARIA CIVIL E AMBIENTAL,Feira de Santana,28002016008P6,3,EM FUNCIONAMENTO,UEFS,ACADÊMICO,202524,1,0,10,ENGENHARIAS I,26,ENGENHARIA CIVIL,1,Educação Presencial,3,ENGENHARIAS
Mestrado/Doutorado,EDUCAÇÃO,Salvador,28001010001P9,6,EM FUNCIONAMENTO,UFBA,ACADÊMICO,356,1,0,38,EDUCAÇÃO,86,EDUCAÇÃO,1,Educação Presencial,7,CIÊNCIAS HUMANAS
Mestrado/Doutorado,CIÊNCIAS DA SAÚDE,Salvador,28001010072P3,4,EM FUNCIONAMENTO,UFBA,ACADÊMICO,204196,1,0,15,MEDICINA I,51,MEDICINA,1,Educação Presencial,4,CIÊNCIAS DA SAÚDE
Mestrado/Doutorado,MODELAGEM EM CIÊNCIAS DA TERRA E DO AMBIENTE,Feira de Santana,28002016005P7,4,EM FUNCIONAMENTO,UEFS,ACADÊMICO,152260,1,0,49,CIÊNCIAS AMBIENTAIS,1352,CIÊNCIAS AMBIENTAIS,1,Educação Presencial,10,MULTIDISCIPLINAR
Mestrado/Doutorado,CIÊNCIAS SOCIAIS,Salvador,28001010023P2,5,EM FUNCIONAMENTO,UFBA,ACADÊMICO,377,1,0,34,SOCIOLOGIA,69,SOCIOLOGIA,1,Educação Presencial,7,CIÊNCIAS HUMANAS
Mestrado/Doutorado,ECOLOGIA E CONSERVAÇÃO DA BIODIVERSIDADE,ilhéus ,28007018011P9,6,EM FUNCIONAMENTO,UESC,ACADÊMICO,204045,1,0,7,BIODIVERSIDADE,17,ECOLOGIA,1,Educação Presencial,2,CIÊNCIAS BIOLÓGICAS
Mestrado/Doutorado,LINGUAGENS E REPRESENTAÇÕES,ilhéus ,28007018009P4,4,EM FUNCIONAMENTO,UESC,ACADÊMICO,203754,1,0,41,LINGUíSTICA E LITERATURA,90,LETRAS,1,Educação Presencial,8,"LINGÜÍSTICA, LETRAS E ARTES"
Mestrado/Doutorado,CIÊNCIA DE ALIMENTOS,Salvador,28001010057P4,4,EM FUNCIONAMENTO,UFBA,ACADÊMICO,202629,1,0,25,CIÊNCIA DE ALIMENTOS,260,CIÊNCIA DE ALIMENTOS,1,Educação Presencial,5,CIÊNCIAS AGRÁRIAS
Mestrado Profissional,Educação do Campo,Amargosa,28022017010P4,3,EM FUNCIONAMENTO,UFRB,PROFISSIONAL,205131,2,0,38,EDUCAÇÃO,1302,EDUCAÇÃO RURAL,1,Educação Presencial,7,CIÊNCIAS HUMANAS
Mestrado/Doutorado,CIÊNCIA ANIMAL NOS TRÓPICOS,Salvador,28001010036P7,5,EM FUNCIONAMENTO,UFBA,ACADÊMICO,386,1,0,24,MEDICINA VETERINÁRIA,47,MEDICINA VETERINÁRIA,1,Educação Presencial,5,CIÊNCIAS AGRÁRIAS
Mestrado Profissional,DESENVOLVIMENTO E GESTÃO SOCIAL,salvador,28001010055P1,3,EM FUNCIONAMENTO,UFBA,PROFISSIONAL,202541,2,0,45,INTERDISCIPLINAR,428,"SOCIAIS, CULTURAS E HUMANIDADES",1,Educação Presencial,10,MULTIDISCIPLINAR
Mestrado Profissional,"Currículo, linguagens e inovações pedagógicas.",salvador,28001010091P8,3,EM FUNCIONAMENTO,UFBA,PROFISSIONAL,205236,2,0,38,EDUCAÇÃO,86,EDUCAÇÃO,1,Educação Presencial,7,CIÊNCIAS HUMANAS
Mestrado/Doutorado,PRODUÇÃO VEGETAL,ilhéus,28007018005P9,5,EM FUNCIONAMENTO,UESC,ACADÊMICO,407,1,0,42,CIÊNCIAS AGRÁRIAS I,60,AGRONOMIA,1,Educação Presencial,5,CIÊNCIAS AGRÁRIAS
Mestrado/Doutorado,FILOSOFIA,salvador,28001010042P7,6,EM FUNCIONAMENTO,UFBA,ACADÊMICO,392,1,0,33,FILOSOFIA,68,FILOSOFIA,1,Educação Presencial,7,CIÊNCIAS HUMANAS
Mestrado/Doutorado,CIÊNCIAS AGRÁRIAS,Cruz das Almas,28022017001P5,4,EM FUNCIONAMENTO,UFRB,ACADÊMICO,202812,1,0,42,CIÊNCIAS AGRÁRIAS I,60,AGRONOMIA,1,Educação Presencial,5,CIÊNCIAS AGRÁRIAS
Mestrado,Museologia,salvador,28001010093P0,3,EM FUNCIONAMENTO,UFBA,ACADÊMICO,205311,1,0,31,COMUNICAÇÃO E INFORMAÇÃO,62,MUSEOLOGIA,1,Educação Presencial,6,CIÊNCIAS SOCIAIS APLICADAS
Mestrado/Doutorado,"ALIMENTOS, NUTRIÇÃO E SAÚDE",salvador,28001010047P9,4,EM FUNCIONAMENTO,UFBA,ACADÊMICO,52224,1,0,50,NUTRIÇÃO,55,NUTRIÇÃO,1,Educação Presencial,4,CIÊNCIAS DA SAÚDE
Mestrado Profissional,Astronomia,Feira de Santana,28002016017P5,4,EM FUNCIONAMENTO,UEFS,PROFISSIONAL,205294,2,0,46,ENSINO,81,ENSINO,1,Educação Presencial,10,MULTIDISCIPLINAR
Mestrado/Doutorado,FÍSICA,salvador,28001010002P5,4,EM FUNCIONAMENTO,UFBA,ACADÊMICO,357,1,0,3,ASTRONOMIA / FÍSICA,15,FÍSICA,1,Educação Presencial,1,CIÊNCIAS EXATAS E DA TERRA
Mestrado/Doutorado,RECURSOS GENÉTICOS VEGETAIS,Cruz das Almas,28022017003P8,5,EM FUNCIONAMENTO,UFRB,ACADÊMICO,203776,1,1,42,CIÊNCIAS AGRÁRIAS I,60,AGRONOMIA,1,Educação Presencial,5,CIÊNCIAS AGRÁRIAS
Mestrado/Doutorado,ESTUDO DE LINGUAGENS,salvador,28005015003P3,4,EM FUNCIONAMENTO,UNEB,ACADÊMICO,202564,1,0,41,LINGUíSTICA E LITERATURA,90,LETRAS,1,Educação Presencial,8,"LINGÜÍSTICA, LETRAS E ARTES"
Mestrado/Doutorado,"ESTUDOS INTERDISCIPLINARES SOBRE MULHERES, GÊNERO E FEMINISMO",salvador,28001010056P8,4,EM FUNCIONAMENTO,UFBA,ACADÊMICO,202542,1,0,45,INTERDISCIPLINAR,428,"SOCIAIS, CULTURAS E HUMANIDADES",1,Educação Presencial,10,MULTIDISCIPLINAR
Mestrado/Doutorado,ARQUITETURA E URBANISMO,salvador,28001010019P5,6,EM FUNCIONAMENTO,UFBA,ACADÊMICO,373,1,0,29,"ARQUITETURA, URBANISMO E DESIGN",77,ARQUITETURA E URBANISMO,1,Educação Presencial,6,CIÊNCIAS SOCIAIS APLICADAS
Mestrado/Doutorado,MÚSICA,salvador,28001010026P1,4,EM FUNCIONAMENTO,UFBA,ACADÊMICO,380,1,0,11,ARTES,467,MÚSICA,1,Educação Presencial,8,"LINGÜÍSTICA, LETRAS E ARTES"
Mestrado/Doutorado,BOTÂNICA,Feira de Santana,28002016002P8,5,EM FUNCIONAMENTO,UEFS,ACADÊMICO,397,1,0,7,BIODIVERSIDADE,34,BOTÂNICA,1,Educação Presencial,2,CIÊNCIAS BIOLÓGICAS
Mestrado,ADMINISTRAÇÃO,salvador,28013018004P9,4,EM FUNCIONAMENTO,salvador,ACADÊMICO,414,1,0,27,"ADMINISTRAÇÃO PÚBLICA E DE EMPRESAS, CIÊNCIAS CONTÁBEIS E TURISMO",75,ADMINISTRAÇÃO,1,Educação Presencial,6,CIÊNCIAS SOCIAIS APLICADAS
Mestrado/Doutorado,ESTUDOS ÉTNICOS E AFRICANOS,salvador,28001010048P5,4,EM FUNCIONAMENTO,UFBA,ACADÊMICO,52314,1,0,45,INTERDISCIPLINAR,428,"SOCIAIS, CULTURAS E HUMANIDADES",1,Educação Presencial,10,MULTIDISCIPLINAR
Mestrado/Doutorado,Engenharias Elétrica e de Computação,salvador,28001010037P3,4,EM FUNCIONAMENTO,UFBA,ACADÊMICO,387,1,0,14,ENGENHARIAS IV,41,ENGENHARIA ELÉTRICA,1,Educação Presencial,3,ENGENHARIAS
Mestrado,SISTEMAS AQUÁTICOS TROPICAIS,ilhéus,28007018006P5,3,EM FUNCIONAMENTO,UESC,ACADÊMICO,408,1,1,7,BIODIVERSIDADE,17,ECOLOGIA,1,Educação Presencial,2,CIÊNCIAS BIOLÓGICAS
Mestrado,FÍSICA,ilhéus,28007018010P2,3,EM FUNCIONAMENTO,UESC,ACADÊMICO,204044,1,0,3,ASTRONOMIA / FÍSICA,15,FÍSICA,1,Educação Presencial,1,CIÊNCIAS EXATAS E DA TERRA
Mestrado/Doutorado,DIREITO,salvador,28001010015P0,5,EM FUNCIONAMENTO,UFBA,ACADÊMICO,369,1,0,26,DIREITO,50,DIREITO,1,Educação Presencial,6,CIÊNCIAS SOCIAIS APLICADAS
Mestrado/Doutorado,GEOGRAFIA,salvador,28001010032P1,4,EM FUNCIONAMENTO,UFBA,ACADÊMICO,383,1,0,36,GEOGRAFIA,73,GEOGRAFIA,1,Educação Presencial,7,CIÊNCIAS HUMANAS
Mestrado/Doutorado,"Ecologia: Teoria, Aplicação e Valores",salvador,28001010039P6,4,EM FUNCIONAMENTO,UFBA,ACADÊMICO,389,1,0,7,BIODIVERSIDADE,17,ECOLOGIA,1,Educação Presencial,2,CIÊNCIAS BIOLÓGICAS
Mestrado/Doutorado,ECONOMIA,salvador,28001010010P8,4,EM FUNCIONAMENTO,UFBA,ACADÊMICO,364,1,0,28,ECONOMIA,76,ECONOMIA,1,Educação Presencial,6,CIÊNCIAS SOCIAIS APLICADAS
Mestrado Profissional/Doutorado Profissional,Educação,ilhéus,28007018017P7,4,EM FUNCIONAMENTO,UESC,PROFISSIONAL,205234,2,0,38,EDUCAÇÃO,86,EDUCAÇÃO,1,Educação Presencial,7,CIÊNCIAS HUMANAS
Mestrado/Doutorado,Engenharia Agrícola,Cruz das Almas,28022017009P6,4,EM FUNCIONAMENTO,UFRB,ACADÊMICO,204962,1,0,42,CIÊNCIAS AGRÁRIAS I,45,ENGENHARIA AGRÍCOLA,1,Educação Presencial,5,CIÊNCIAS AGRÁRIAS
Mestrado,CIÊNCIAS DA REABILITAÇÃO,Salvador,28001010176P3,A,EM FUNCIONAMENTO,UFBA,ACADÊMICO,209136,1,0,21,"EDUCAÇÃO FÍSICA, FISIOTERAPIA, FONOAUDIOLOGIA E TERAPIA OCUPACIONAL",57,FONOAUDIOLOGIA,1,Educação Presencial,4,CIÊNCIAS DA SAÚDE
Mestrado Profissional,GESTÃO E PRÁTICAS EM COMUNICAÇÃO E CULTURA,Salvador,28001010180P0,A,EM PROJETO,UFBA,PROFISSIONAL,210552,2,0,45,INTERDISCIPLINAR,428,"SOCIAIS, CULTURAS E HUMANIDADES",,,10,MULTIDISCIPLINAR
Mestrado/Doutorado,FAMÍLIA NA SOCIEDADE CONTEMPORÃNEA,Salvador,28003012004P7,4,EM FUNCIONAMENTO,UCSAL,ACADÊMICO,202656,1,0,45,INTERDISCIPLINAR,428,"SOCIAIS, CULTURAS E HUMANIDADES",1,Educação Presencial,10,MULTIDISCIPLINAR
Mestrado Profissional,PRODUÇÃO VEGETAL NO SEMIÁRIDO,Guanambi,29002001001P9,3,EM FUNCIONAMENTO,IFBAIANO,PROFISSIONAL,206282,2,0,42,CIÊNCIAS AGRÁRIAS I,303,FITOTECNIA,1,Educação Presencial,5,CIÊNCIAS AGRÁRIAS
Mestrado/Doutorado,EDUCAÇÃO,Vitória da Conquista,28006011013P5,4,EM FUNCIONAMENTO,UESB,ACADÊMICO,205154,1,0,38,EDUCAÇÃO,86,EDUCAÇÃO,1,Educação Presencial,7,CIÊNCIAS HUMANAS
Doutorado Profissional,AGROECOLOGIA E DESENVOLVIMENTO TERRITORIAL,Juazeiro,25020013042P2,4,EM FUNCIONAMENTO,UNIVASF,PROFISSIONAL,208088,2,1,45,INTERDISCIPLINAR,427,POLÍTICAS E DESENVOLVIMENTO DE TERRITÓRIOS,1,Educação Presencial,10,MULTIDISCIPLINAR
Mestrado/Doutorado,POLÍTICAS SOCIAIS E CIDADANIA,salvador,28003012003P0,4,EM FUNCIONAMENTO,UCSAL,ACADÊMICO,202522,1,0,45,INTERDISCIPLINAR,428,"SOCIAIS, CULTURAS E HUMANIDADES",1,Educação Presencial,10,MULTIDISCIPLINAR
Mestrado,ENSINO,Vitória da Conquista,28006011171P0,4,EM FUNCIONAMENTO,UESB,ACADÊMICO,206802,1,0,46,ENSINO,81,ENSINO,1,Educação Presencial,10,MULTIDISCIPLINAR
Mestrado Profissional/Doutorado Profissional,Defesa Agropecuária,Cruz das Almas,28022017007P3,4,EM FUNCIONAMENTO,UFRB,PROFISSIONAL,204449,2,0,42,CIÊNCIAS AGRÁRIAS I,997,DEFESA FITOSSANITÁRIA,1,Educação Presencial,5,CIÊNCIAS AGRÁRIAS
Mestrado,Ciências Florestais,Vitória da Conquista,28006011014P1,3,EM FUNCIONAMENTO,UESB,ACADÊMICO,205547,1,0,42,CIÊNCIAS AGRÁRIAS I,61,RECURSOS FLORESTAIS E ENGENHARIA FLORESTAL,1,Educação Presencial,5,CIÊNCIAS AGRÁRIAS
Mestrado/Doutorado,DANÇA,Salvador,28001010054P5,5,EM FUNCIONAMENTO,UFBA,ACADÊMICO,202540,1,0,11,ARTES,468,DANÇA,1,Educação Presencial,8,"LINGÜÍSTICA, LETRAS E ARTES"
Mestrado Profissional,Educação de Jovens e Adultos,salvador,28005015012P2,4,EM FUNCIONAMENTO,UNEB,PROFISSIONAL,205244,2,0,38,EDUCAÇÃO,1300,EDUCAÇÃO DE ADULTOS,1,Educação Presencial,7,CIÊNCIAS HUMANAS
Mestrado,SISTEMAS E COMPUTAÇÃO,salvador,28013018005P5,3,EM FUNCIONAMENTO,UNIFACS,ACADÊMICO,202607,1,0,2,COMPUTAÇÃO,533,TELEINFORMÁTICA,1,Educação Presencial,1,CIÊNCIAS EXATAS E DA TERRA
Mestrado/Doutorado,ENFERMAGEM E SAÚDE,salvador,28001010014P3,5,EM FUNCIONAMENTO,UFBA,ACADÊMICO,368,1,0,20,ENFERMAGEM,54,ENFERMAGEM,1,Educação Presencial,4,CIÊNCIAS DA SAÚDE
Mestrado/Doutorado,ENFERMAGEM E SAÚDE,Vitória da Conquista,28006011007P5,4,EM FUNCIONAMENTO,UESB,ACADÊMICO,204173,1,0,20,ENFERMAGEM,293,ENFERMAGEM DE SAÚDE PÚBLICA,1,Educação Presencial,4,CIÊNCIAS DA SAÚDE
Mestrado/Doutorado,ZOOLOGIA,ilhéus,28007018004P2,5,EM FUNCIONAMENTO,UESC,ACADÊMICO,406,1,0,7,BIODIVERSIDADE,16,ZOOLOGIA,1,Educação Presencial,2,CIÊNCIAS BIOLÓGICAS
Mestrado/Doutorado,ZOOTECNIA,Itapetinga,28006011002P3,5,EM FUNCIONAMENTO,UESB,ACADÊMICO,402,1,0,23,ZOOTECNIA / RECURSOS PESQUEIROS,46,ZOOTECNIA,1,Educação Presencial,5,CIÊNCIAS AGRÁRIAS
Mestrado/Doutorado,MODELAGEM COMPUTACIONAL E TECNOLOGIA INDUSTRIAL,Salvador,28023013002P8,6,EM FUNCIONAMENTO,SENAI CIMATEC,ACADÊMICO,204017,1,0,45,INTERDISCIPLINAR,429,"ENGENHARIA, TECNOLOGIA E GESTÃO",1,Educação Presencial,10,MULTIDISCIPLINAR
Mestrado,EDUCAÇÃO FÍSICA,Jequié,28006011172P6,A,EM FUNCIONAMENTO,UESB,ACADÊMICO,209168,1,1,21,"EDUCAÇÃO FÍSICA, FISIOTERAPIA, FONOAUDIOLOGIA E TERAPIA OCUPACIONAL",59,EDUCAÇÃO FÍSICA,1,Educação Presencial,4,CIÊNCIAS DA SAÚDE
Mestrado/Doutorado,AGRONOMIA (FITOTECNIA),Vitória da Conquista,28006011001P7,4,EM FUNCIONAMENTO,UESB,ACADÊMICO,401,1,0,42,CIÊNCIAS AGRÁRIAS I,303,FITOTECNIA,1,Educação Presencial,5,CIÊNCIAS AGRÁRIAS
Mestrado,"CULTURAS, LINGUAGENS E TERRITÓRIOS ",Cruz das Almas,28022017019P1,A,EM PROJETO,UFRB,ACADÊMICO,210870,1,0,45,INTERDISCIPLINAR,428,"SOCIAIS, CULTURAS E HUMANIDADES",,,10,MULTIDISCIPLINAR
Mestrado/Doutorado,ENGENHARIA QUÍMICA - UFBA-UNIFACS,Salvador,28001010059P7,4,EM FUNCIONAMENTO,UFBA,ACADÊMICO,202752,1,1,12,ENGENHARIAS II,43,ENGENHARIA QUÍMICA,1,Educação Presencial,3,ENGENHARIAS
Mestrado/Doutorado,SAÚDE COLETIVA,Salvador,28001010170P5,4,EM FUNCIONAMENTO,UFBA,ACADÊMICO,206684,1,0,22,SAÚDE COLETIVA,56,SAÚDE COLETIVA,1,Educação Presencial,4,CIÊNCIAS DA SAÚDE
Mestrado/Doutorado,PSICOLOGIA,Salvador,28001010044P0,6,EM FUNCIONAMENTO,UFBA,ACADÊMICO,394,1,0,37,PSICOLOGIA,74,PSICOLOGIA,1,Educação Presencial,7,CIÊNCIAS HUMANAS
Mestrado,ENGENHARIA CIVIL E AMBIENTAL,Itabuna,29007003008P5,A,EM FUNCIONAMENTO,UFSB,ACADÊMICO,210195,1,1,10,ENGENHARIAS I,26,ENGENHARIA CIVIL,1,Educação Presencial,3,ENGENHARIAS
Mestrado/Doutorado,Educação em Ciências e Matemática,ilhéus,28007018018P3,4,EM FUNCIONAMENTO,UESC,ACADÊMICO,205309,1,0,46,ENSINO,431,ENSINO DE CIÊNCIAS E MATEMÁTICA,1,Educação Presencial,10,MULTIDISCIPLINAR
Mestrado/Doutorado,"ENSINO, FILOSOFIA E HISTÓRIA DAS CIÊNCIAS",Salvador,28001010040P4,5,EM FUNCIONAMENTO,UFBA,ACADÊMICO,390,1,1,46,ENSINO,431,ENSINO DE CIÊNCIAS E MATEMÁTICA,1,Educação Presencial,10,MULTIDISCIPLINAR
Mestrado/Doutorado,COMUNICAÇÃO E CULTURA CONTEMPORÂNEAS,Salvador,28001010024P9,6,EM FUNCIONAMENTO,UFBA,ACADÊMICO,378,1,0,31,COMUNICAÇÃO E INFORMAÇÃO,63,COMUNICAÇÃO,1,Educação Presencial,6,CIÊNCIAS SOCIAIS APLICADAS
Mestrado/Doutorado,CULTURA E SOCIEDADE,Salvador,28001010049P1,4,EM FUNCIONAMENTO,UFBA,ACADÊMICO,52315,1,0,45,INTERDISCIPLINAR,428,"SOCIAIS, CULTURAS E HUMANIDADES",1,Educação Presencial,10,MULTIDISCIPLINAR
Mestrado,"DESENHO, CULTURA E INTERATIVIDADE",Feira de Santana,28002016007P0,3,EM FUNCIONAMENTO,UEFS,ACADÊMICO,202523,1,0,45,INTERDISCIPLINAR,428,"SOCIAIS, CULTURAS E HUMANIDADES",1,Educação Presencial,10,MULTIDISCIPLINAR
Mestrado,ENSINO,Barreiras,28049012005P9,A,EM FUNCIONAMENTO,UFOB,ACADÊMICO,209113,1,0,46,ENSINO,81,ENSINO,1,Educação Presencial,10,MULTIDISCIPLINAR
Mestrado/Doutorado,ARTES CÊNICAS,salvador,28001010035P0,6,EM FUNCIONAMENTO,UFBA,ACADÊMICO,385,1,0,11,ARTES,91,ARTES,1,Educação Presencial,8,"LINGÜÍSTICA, LETRAS E ARTES"
Mestrado/Doutorado,MEMÓRIA:LINGUAGEM E SOCIEDADE,Vitória da Conquista,28006011005P2,6,EM FUNCIONAMENTO,UESB,ACADÊMICO,203569,1,0,45,INTERDISCIPLINAR,428,"SOCIAIS, CULTURAS E HUMANIDADES",1,Educação Presencial,10,MULTIDISCIPLINAR
Mestrado Profissional,ENGENHARIA DE SISTEMAS E PRODUTOS,Salvador,28010019065P9,4,EM FUNCIONAMENTO,IFBA,PROFISSIONAL,206934,2,0,45,INTERDISCIPLINAR,429,"ENGENHARIA, TECNOLOGIA E GESTÃO",1,Educação Presencial,10,MULTIDISCIPLINAR
Mestrado/Doutorado,Educação Científica e Formação de Professores,Jequié,28006011010P6,4,EM FUNCIONAMENTO,UESB,ACADÊMICO,204562,1,0,46,ENSINO,431,ENSINO DE CIÊNCIAS E MATEMÁTICA,1,Educação Presencial,10,MULTIDISCIPLINAR
Mestrado Profissional,"ARTE, COMUNICAÇÃO E TERRITORIALIDADES",Barreiras,28049012009P4,A,EM PROJETO,UFOB,PROFISSIONAL,210918,2,0,45,INTERDISCIPLINAR,428,"SOCIAIS, CULTURAS E HUMANIDADES",,,10,MULTIDISCIPLINAR
Mestrado/Doutorado,IMUNOLOGIA,Salvador,28001010025P5,5,EM FUNCIONAMENTO,UFBA,ACADÊMICO,379,1,0,9,CIÊNCIAS BIOLÓGICAS III,23,IMUNOLOGIA,1,Educação Presencial,2,CIÊNCIAS BIOLÓGICAS
Mestrado/Doutorado,GENÉTICA E BIOLOGIA MOLECULAR,ilhéus,28007018003P6,5,EM FUNCIONAMENTO,UESC,ACADÊMICO,405,1,0,42,CIÊNCIAS AGRÁRIAS I,60,AGRONOMIA,1,Educação Presencial,5,CIÊNCIAS AGRÁRIAS
Mestrado/Doutorado,GEOFÍSICA,Salvador,28001010007P7,4,EM FUNCIONAMENTO,UFBA,ACADÊMICO,362,1,0,5,GEOCIÊNCIAS,179,GEOFÍSICA,1,Educação Presencial,1,CIÊNCIAS EXATAS E DA TERRA
Mestrado,EDUCAÇÃO FÍSICA,Salvador,28005015082P0,A,EM PROJETO,UNEB,ACADÊMICO,210754,1,0,21,"EDUCAÇÃO FÍSICA, FISIOTERAPIA, FONOAUDIOLOGIA E TERAPIA OCUPACIONAL",59,Vitoria da Conquista,,,4,CIÊNCIAS DA SAÚDE
Mestrado Profissional,CECRE - Conservação e Restauração,Salvador,28001010077P5,5,EM FUNCIONAMENTO,UFBA,PROFISSIONAL,204325,2,0,29,"ARQUITETURA, URBANISMO E DESIGN",77,ARQUITETURA E URBANISMO,1,Educação Presencial,6,CIÊNCIAS SOCIAIS APLICADAS
Mestrado,MATEMÁTICA,Salvador,28001010003P1,4,EM FUNCIONAMENTO,UFBA,ACADÊMICO,358,1,0,1,MATEMÁTICA / PROBABILIDADE E ESTATÍSTICA,11,MATEMÁTICA,1,Educação Presencial,1,CIÊNCIAS EXATAS E DA TERRA
Mestrado/Doutorado,CIÊNCIA DA INFORMAÇÃO,Salvador,28001010041P0,4,EM FUNCIONAMENTO,UFBA,ACADÊMICO,391,1,0,31,COMUNICAÇÃO E INFORMAÇÃO,80,CIÊNCIA DA INFORMAÇÃO,1,Educação Presencial,6,CIÊNCIAS SOCIAIS APLICADAS
Mestrado/Doutorado,GEOLOGIA,Salvador,28001010005P4,4,EM FUNCIONAMENTO,UFBA,ACADÊMICO,360,1,0,5,GEOCIÊNCIAS,178,GEOLOGIA,1,Educação Presencial,1,CIÊNCIAS EXATAS E DA TERRA
Mestrado/Doutorado,GEOQUÍMICA: PETRÓLEO E MEIO AMBIENTE,Salvador,28001010073P0,4,EM FUNCIONAMENTO,UFBA,ACADÊMICO,204197,1,0,5,GEOCIÊNCIAS,627,GEOQUÍMICA,1,Educação Presencial,1,CIÊNCIAS EXATAS E DA TERRA
Mestrado/Doutorado,ECOLOGIA HUMANA E GESTÃO SOCIOAMBIENTAL,Juazeiro,28005015009P1,4,EM FUNCIONAMENTO,UNEB,ACADÊMICO,204332,1,0,45,INTERDISCIPLINAR,427,POLÍTICAS E DESENVOLVIMENTO DE TERRITÓRIOS,1,Educação Presencial,10,MULTIDISCIPLINAR
Mestrado/Doutorado,HISTÓRIA,Salvador,28001010022P6,5,EM FUNCIONAMENTO,UFBA,ACADÊMICO,376,1,0,40,HISTÓRIA,72,HISTÓRIA,1,Educação Presencial,7,CIÊNCIAS HUMANAS
Mestrado Profissional,ADMINISTRAÇÃO,Salvador,28001010052P2,4,EM FUNCIONAMENTO,UFBA,PROFISSIONAL,152341,2,0,27,"ADMINISTRAÇÃO PÚBLICA E DE EMPRESAS, CIÊNCIAS CONTÁBEIS E TURISMO",75,ADMINISTRAÇÃO,1,Educação Presencial,6,CIÊNCIAS SOCIAIS APLICADAS
Doutorado,MATEMÁTICA - UFBA-UFAL,Salvador,28001010081P2,4,EM FUNCIONAMENTO,UFBA,ACADÊMICO,204410,1,1,1,MATEMÁTICA / PROBABILIDADE E ESTATÍSTICA,11,MATEMÁTICA,1,Educação Presencial,1,CIÊNCIAS EXATAS E DA TERRA
Mestrado,CIÊNCIA DOS MATERIAIS (PROMAT),Barreiras,28049012006P5,A,EM FUNCIONAMENTO,UFOB,ACADÊMICO,210330,1,0,47,MATERIAIS,84,MATERIAIS,1,Educação Presencial,10,MULTIDISCIPLINAR
Mestrado/Doutorado,MEDICINA E SAÚDE,Salvador ,28001010012P0,5,EM FUNCIONAMENTO,UFBA,ACADÊMICO,366,1,0,15,MEDICINA I,267,CLÍNICA MÉDICA,1,Educação Presencial,4,CIÊNCIAS DA SAÚDE
Mestrado/Doutorado,MEDICINA E SAÚDE HUMANA,Salvador,28008014002P6,4,EM FUNCIONAMENTO,EBMSP,ACADÊMICO,409,1,0,15,MEDICINA I,51,MEDICINA,1,Educação Presencial,4,CIÊNCIAS DA SAÚDE
Mestrado/Doutorado,MECATRÔNICA,Salvador ,28001010045P6,4,EM FUNCIONAMENTO,UFBA,ACADÊMICO,395,1,0,13,ENGENHARIAS III,42,ENGENHARIA MECÂNICA,1,Educação Presencial,3,ENGENHARIAS
Mestrado/Doutorado,Modelagem Computacional em Ciência e Tecnologia,ilhéus,28007018016P0,4,EM FUNCIONAMENTO,UESC,ACADÊMICO,205156,1,0,45,INTERDISCIPLINAR,429,"ENGENHARIA, TECNOLOGIA E GESTÃO",1,Educação Presencial,10,MULTIDISCIPLINAR
Mestrado,QUIMICA,Jequié,28006011003P0,4,EM FUNCIONAMENTO,UESB,ACADÊMICO,202296,1,0,4,QUÍMICA,29,QUÍMICA,1,Educação Presencial,1,CIÊNCIAS EXATAS E DA TERRA
Mestrado/Doutorado,BIOTECNOLOGIA,Feira de Santana,28002016006P3,5,EM FUNCIONAMENTO,UEFS,ACADÊMICO,202295,1,0,48,BIOTECNOLOGIA,85,BIOTECNOLOGIA,1,Educação Presencial,10,MULTIDISCIPLINAR
Mestrado,DESENVOLVIMENTO  REGIONAL  E MEIO AMBIENTE,ilhéus,28007018001P3,5,EM FUNCIONAMENTO,UESC,ACADÊMICO,403,1,0,49,CIÊNCIAS AMBIENTAIS,1352,CIÊNCIAS AMBIENTAIS,1,Educação Presencial,10,MULTIDISCIPLINAR
Mestrado,CIÊNCIA POLÍTICA,Salvador ,28001010177P0,A,EM FUNCIONAMENTO,UFBA,ACADÊMICO,209124,1,0,39,CIÊNCIA POLÍTICA E RELAÇÕES INTERNACIONAIS,87,CIÊNCIA POLÍTICA,1,Educação Presencial,7,CIÊNCIAS HUMANAS
Mestrado Profissional,Educação e Diversidade,Conceição do Coité e Jacobina ,28005015014P5,4,EM FUNCIONAMENTO,UNEB,PROFISSIONAL,205537,2,0,38,EDUCAÇÃO,86,EDUCAÇÃO,1,Educação Presencial,7,CIÊNCIAS HUMANAS
Mestrado/Doutorado,PATOLOGIA HUMANA,Salvador ,28001010011P4,6,EM FUNCIONAMENTO,UFBA,ACADÊMICO,365,1,1,16,MEDICINA II,271,ANATOMIA PATOLÓGICA E PATOLOGIA CLÍNICA,1,Educação Presencial,4,CIÊNCIAS DA SAÚDE
Mestrado/Doutorado,CIÊNCIA ANIMAL,ilhéus,28007018007P1,5,EM FUNCIONAMENTO,UESC,ACADÊMICO,202750,1,0,24,MEDICINA VETERINÁRIA,47,MEDICINA VETERINÁRIA,1,Educação Presencial,5,CIÊNCIAS AGRÁRIAS
Mestrado Profissional,SAÚDE DA POPULAÇÃO NEGRA E INDÍGENA,Cruz das Almas,28022017016P2,3,EM FUNCIONAMENTO,UFRB,PROFISSIONAL,208730,2,0,22,SAÚDE COLETIVA,299,SAÚDE PÚBLICA,1,Educação Presencial,4,CIÊNCIAS DA SAÚDE
Mestrado/Doutorado,EDUCAÇÃO E CONTEMPORANEIDADE,salvador,28005015001P0,4,EM FUNCIONAMENTO,UNEB,ACADÊMICO,400,1,0,38,EDUCAÇÃO,86,EDUCAÇÃO,1,Educação Presencial,7,CIÊNCIAS HUMANAS
Mestrado,"SAÚDE, AMBIENTE E BIODIVERSIDADE",Itabuna,29007003006P2,A,EM FUNCIONAMENTO,UFSB,ACADÊMICO,209309,1,0,45,INTERDISCIPLINAR,430,SAÚDE E BIOLÓGICAS,1,Educação Presencial,10,MULTIDISCIPLINAR
Mestrado/Doutorado,QUÍMICA,Salvador ,28001010004P8,4,EM FUNCIONAMENTO,UFBA,ACADÊMICO,359,1,0,4,QUÍMICA,29,QUÍMICA,1,Educação Presencial,1,CIÊNCIAS EXATAS E DA TERRA
Mestrado Profissional,SAÚDE COLETIVA,Feira de Santana,28002016014P6,3,EM FUNCIONAMENTO,UEFS,PROFISSIONAL,204561,2,0,22,SAÚDE COLETIVA,56,SAÚDE COLETIVA,1,Educação Presencial,4,CIÊNCIAS DA SAÚDE
Mestrado Profissional,ENFERMAGEM,Feira de Santana,28002016013P0,3,EM FUNCIONAMENTO,UEFS,PROFISSIONAL,204532,2,0,20,ENFERMAGEM,54,ENFERMAGEM,1,Educação Presencial,4,CIÊNCIAS DA SAÚDE
Mestrado Profissional,Planejamento Territorial,Feira de Santana,28002016016P9,4,EM FUNCIONAMENTO,UEFS,PROFISSIONAL,205215,2,0,36,GEOGRAFIA,73,GEOGRAFIA,1,Educação Presencial,7,CIÊNCIAS HUMANAS
Mestrado/Doutorado,COMUNICAÇÃO,Cachoeira,28022017012P7,4,EM FUNCIONAMENTO,UFRB,ACADÊMICO,207392,1,0,31,COMUNICAÇÃO E INFORMAÇÃO,63,COMUNICAÇÃO,1,Educação Presencial,6,CIÊNCIAS SOCIAIS APLICADAS
Mestrado/Doutorado,"SAÚDE, AMBIENTE E TRABALHO",salvador ,28001010060P5,4,EM FUNCIONAMENTO,UFBA,ACADÊMICO,202753,1,0,22,SAÚDE COLETIVA,56,SAÚDE COLETIVA,1,Educação Presencial,4,CIÊNCIAS DA SAÚDE
Mestrado,"ESTUDOS AFRICANOS, POVOS INDÍGENAS E CULTURAS NEGRAS",salvador,28005015071P9,3,EM FUNCIONAMENTO,UNEB,ACADÊMICO,207471,1,0,40,HISTÓRIA,72,HISTÓRIA,1,Educação Presencial,7,CIÊNCIAS HUMANAS
Mestrado,CIÊNCIAS E TECNOLOGIAS AMBIENTAIS,Porto Seguro,29007003003P3,3,EM FUNCIONAMENTO,UFSB,ACADÊMICO,207268,1,1,49,CIÊNCIAS AMBIENTAIS,1352,CIÊNCIAS AMBIENTAIS,1,Educação Presencial,10,MULTIDISCIPLINAR
Mestrado/Doutorado,ESTADO E SOCIEDADE,Porto Seguro,29007003002P7,4,EM FUNCIONAMENTO,UFSB,ACADÊMICO,206956,1,0,45,INTERDISCIPLINAR,428,"SOCIAIS, CULTURAS E HUMANIDADES",1,Educação Presencial,10,MULTIDISCIPLINAR
Mestrado/Doutorado,SAÚDE COLETIVA,Feira de Santana,28002016004P0,5,EM FUNCIONAMENTO,UEFS,ACADÊMICO,399,1,0,22,SAÚDE COLETIVA,56,SAÚDE COLETIVA,1,Educação Presencial,4,CIÊNCIAS DA SAÚDE
Mestrado,"POLÍTICA, CULTURA E AMBIENTE",Juazeiro,25020013044P5,A,EM FUNCIONAMENTO,UNIVASF,ACADÊMICO,210150,1,0,35,ANTROPOLOGIA / ARQUEOLOGIA,70,ANTROPOLOGIA,1,Educação Presencial,7,CIÊNCIAS HUMANAS
Mestrado Profissional/Doutorado Profissional,Música,Salvador ,28001010092P4,4,EM FUNCIONAMENTO,UFBA,PROFISSIONAL,205237,2,0,11,ARTES,467,MÚSICA,1,Educação Presencial,8,"LINGÜÍSTICA, LETRAS E ARTES"
Mestrado,"Letras: Cultura, Educação e Linguagens",Vitória da Conquista,28006011008P1,3,EM FUNCIONAMENTO,UESB,ACADÊMICO,204247,1,0,41,LINGUíSTICA E LITERATURA,90,LETRAS,1,Educação Presencial,8,"LINGÜÍSTICA, LETRAS E ARTES"
Mestrado/Doutorado,"Meio Ambiente , Águas e Saneamento",Salvador ,28001010076P9,4,EM FUNCIONAMENTO,UFBA,ACADÊMICO,204248,1,0,10,ENGENHARIAS I,44,ENGENHARIA SANITÁRIA,1,Educação Presencial,3,ENGENHARIAS
Mestrado/Doutorado,ODONTOLOGIA E SAUDE,Salvador ,28001010029P0,5,EM FUNCIONAMENTO,UFBA,ACADÊMICO,381,1,0,18,ODONTOLOGIA,52,ODONTOLOGIA,1,Educação Presencial,4,CIÊNCIAS DA SAÚDE
Mestrado,"GENÉTICA, BIODIVERSIDADE E CONSERVAÇÃO",Jequié,28006011009P8,3,EM FUNCIONAMENTO,UESB,ACADÊMICO,204277,1,0,7,BIODIVERSIDADE,16,ZOOLOGIA,1,Educação Presencial,2,CIÊNCIAS BIOLÓGICAS
Mestrado,"Ciência, Inovação e Modelagem em Materiais",ilhéus,28007018012P5,4,EM FUNCIONAMENTO,UESC,ACADÊMICO,204324,1,0,47,MATERIAIS,84,MATERIAIS,1,Educação Presencial,10,MULTIDISCIPLINAR
Mestrado,ENGENHARIA ELÉTRICA E COMPUTAÇÃO,sem info,28022017018P5,A,EM PROJETO,UFRB,ACADÊMICO,210652,1,0,14,ENGENHARIAS IV,41,ENGENHARIA ELÉTRICA,,,3,ENGENHARIAS
Mestrado,Biodiversidade Vegetal,"Paulo Afonso, Senhor de Bonfim, Alagoinhas",28005015010P0,3,EM FUNCIONAMENTO,UNEB,ACADÊMICO,204365,1,0,7,BIODIVERSIDADE,34,BOTÂNICA,1,Educação Presencial,2,CIÊNCIAS BIOLÓGICAS
Mestrado/Doutorado,"Território, Ambiente e Sociedade",salvador,28003012002P4,4,EM FUNCIONAMENTO,UCSAL,ACADÊMICO,202294,1,0,30,PLANEJAMENTO URBANO E REGIONAL / DEMOGRAFIA,78,PLANEJAMENTO URBANO E REGIONAL,1,Educação Presencial,6,CIÊNCIAS SOCIAIS APLICADAS
Mestrado Profissional,Ecologia,Salvador ,28001010082P9,4,EM FUNCIONAMENTO,UFBA,PROFISSIONAL,204446,2,0,7,BIODIVERSIDADE,17,ECOLOGIA,1,Educação Presencial,2,CIÊNCIAS BIOLÓGICAS
Mestrado,CIÊNCIAS DA SAÚDE,ilhéus,28007018075P7,3,EM FUNCIONAMENTO,UESC,ACADÊMICO,206331,1,0,16,MEDICINA II,961,NEUROLOGIA,1,Educação Presencial,4,CIÊNCIAS DA SAÚDE
Mestrado/Doutorado,Estudos Linguísticos,Feira de Santana,28002016012P3,5,EM FUNCIONAMENTO,UEFS,ACADÊMICO,204432,1,0,41,LINGUíSTICA E LITERATURA,89,LINGÜÍSTICA,1,Educação Presencial,8,"LINGÜÍSTICA, LETRAS E ARTES"
Mestrado,QUÍMICA PURA E APLICADA,Barreiras,28049012002P0,3,EM FUNCIONAMENTO,UFOB,ACADÊMICO,206678,1,0,4,QUÍMICA,29,QUÍMICA,1,Educação Presencial,1,CIÊNCIAS EXATAS E DA TERRA
Mestrado,Ciências Ambientais,Itapetinga,28006011012P9,3,EM FUNCIONAMENTO,UESB,ACADÊMICO,204625,1,0,49,CIÊNCIAS AMBIENTAIS,1352,CIÊNCIAS AMBIENTAIS,1,Educação Presencial,10,MULTIDISCIPLINAR
Mestrado,Engenharia Agrícola,Juazeiro,25020013004P3,4,EM FUNCIONAMENTO,UNIVASF,ACADÊMICO,204697,1,0,42,CIÊNCIAS AGRÁRIAS I,45,ENGENHARIA AGRÍCOLA,1,Educação Presencial,5,CIÊNCIAS AGRÁRIAS
Mestrado/Doutorado,Ciência da Computação,Salvador,28001010095P3,5,EM FUNCIONAMENTO,UFBA,ACADÊMICO,205551,1,0,2,COMPUTAÇÃO,13,CIÊNCIA DA COMPUTAÇÃO,1,Educação Presencial,1,CIÊNCIAS EXATAS E DA TERRA
Mestrado Profissional,TECNOLOGIAS EM SAÚDE,Salvador,28008014004P9,3,EM FUNCIONAMENTO,EBMSP,PROFISSIONAL,204856,2,0,16,MEDICINA II,963,DOENÇAS INFECCIOSAS E PARASITÁRIAS,1,Educação Presencial,4,CIÊNCIAS DA SAÚDE
Mestrado/Doutorado,Biociências,Vitória da Conquista ,28001010089P3,4,EM FUNCIONAMENTO,UFBA,ACADÊMICO,204903,1,0,6,CIÊNCIAS BIOLÓGICAS I,32,BIOLOGIA GERAL,1,Educação Presencial,2,CIÊNCIAS BIOLÓGICAS
Mestrado/Doutorado,SAÚDE COLETIVA,Vitória da Conquista ,28001010013P7,7,EM FUNCIONAMENTO,UFBA,ACADÊMICO,367,1,0,22,SAÚDE COLETIVA,56,SAÚDE COLETIVA,1,Educação Presencial,4,CIÊNCIAS DA SAÚDE
Mestrado/Doutorado,Economia Regional e Políticas Públicas,ilhéus,28007018015P4,4,EM FUNCIONAMENTO,UESC,ACADÊMICO,205155,1,0,45,INTERDISCIPLINAR,428,"SOCIAIS, CULTURAS E HUMANIDADES",1,Educação Presencial,10,MULTIDISCIPLINAR
Mestrado,CIÊNCIA DA COMPUTAÇÃO,Feira de Santana,28002016020P6,3,EM FUNCIONAMENTO,UEFS,ACADÊMICO,207679,1,0,2,COMPUTAÇÃO,13,CIÊNCIA DA COMPUTAÇÃO,1,Educação Presencial,1,CIÊNCIAS EXATAS E DA TERRA
Mestrado Profissional,DESENVOLVIMENTO REGIONAL E MEIO AMBIENTE,"Governador Mangabeira,",28048016001P7,3,EM FUNCIONAMENTO,UNIMAM,PROFISSIONAL,205098,2,0,49,CIÊNCIAS AMBIENTAIS,1352,CIÊNCIAS AMBIENTAIS,1,Educação Presencial,10,MULTIDISCIPLINAR
Mestrado/Doutorado,RELAÇÕES INTERNACIONAIS,Salvador,28001010094P7,4,EM FUNCIONAMENTO,UFBA,ACADÊMICO,205489,1,0,39,CIÊNCIA POLÍTICA E RELAÇÕES INTERNACIONAIS,1327,"RELAÇÕES INTERNACIONAIS, BILATERAIS E MULTILATERAIS",1,Educação Presencial,7,CIÊNCIAS HUMANAS
Mestrado Profissional,EXTENSÃO RURAL,Juazeiro,25020013011P0,3,EM FUNCIONAMENTO,UNIVASF,PROFISSIONAL,206613,2,0,45,INTERDISCIPLINAR,427,POLÍTICAS E DESENVOLVIMENTO DE TERRITÓRIOS,1,Educação Presencial,10,MULTIDISCIPLINAR
Mestrado Profissional/Doutorado Profissional,SAÚDE COLETIVA,Salvador,28001010051P6,5,EM FUNCIONAMENTO,UFBA,PROFISSIONAL,152282,2,0,22,SAÚDE COLETIVA,56,SAÚDE COLETIVA,1,Educação Presencial,4,CIÊNCIAS DA SAÚDE
Mestrado/Doutorado,ENGENHARIA E CIÊNCIA DE ALIMENTOS,Itapetinga,28006011004P6,4,EM FUNCIONAMENTO,UESB,ACADÊMICO,202628,1,0,25,CIÊNCIA DE ALIMENTOS,262,ENGENHARIA DE ALIMENTOS,1,Educação Presencial,5,CIÊNCIAS AGRÁRIAS
Mestrado/Doutorado,ANTROPOLOGIA,Salvador,28001010058P0,4,EM FUNCIONAMENTO,UFBA,ACADÊMICO,202655,1,0,35,ANTROPOLOGIA / ARQUEOLOGIA,70,ANTROPOLOGIA,1,Educação Presencial,7,CIÊNCIAS HUMANAS
Mestrado,Ciências Farmacêuticas,Feira de Santana,28002016018P1,3,EM FUNCIONAMENTO,UEFS,ACADÊMICO,205307,1,0,19,FARMÁCIA,53,FARMÁCIA,1,Educação Presencial,4,CIÊNCIAS DA SAÚDE
Doutorado,ENERGIA E AMBIENTE,Salvador,28001010053P9,4,EM FUNCIONAMENTO,UFBA,ACADÊMICO,202495,1,0,45,INTERDISCIPLINAR,429,"ENGENHARIA, TECNOLOGIA E GESTÃO",1,Educação Presencial,10,MULTIDISCIPLINAR
Mestrado,CONTABILIDADE,Salvador,28001010063P4,4,EM FUNCIONAMENTO,UFBA,ACADÊMICO,202867,1,0,27,"ADMINISTRAÇÃO PÚBLICA E DE EMPRESAS, CIÊNCIAS CONTÁBEIS E TURISMO",365,CIÊNCIAS CONTÁBEIS,1,Educação Presencial,6,CIÊNCIAS SOCIAIS APLICADAS
Mestrado/Doutorado,ENGENHARIA INDUSTRIAL,Salvador,28001010062P8,5,EM FUNCIONAMENTO,UFBA,ACADÊMICO,202866,1,0,13,ENGENHARIAS III,35,ENGENHARIA DE PRODUÇÃO,1,Educação Presencial,3,ENGENHARIAS
Mestrado,HISTÓRIA,Feira de Santana,28002016009P2,3,EM FUNCIONAMENTO,UEFS,ACADÊMICO,203304,1,0,40,HISTÓRIA,72,HISTÓRIA,1,Educação Presencial,7,CIÊNCIAS HUMANAS
Mestrado/Doutorado,RECURSOS GENÉTICOS VEGETAIS,Feira de Santana,28002016010P0,4,EM FUNCIONAMENTO,UEFS,ACADÊMICO,203558,1,0,42,CIÊNCIAS AGRÁRIAS I,60,AGRONOMIA,1,Educação Presencial,5,CIÊNCIAS AGRÁRIAS
Doutorado,DIFUSÃO DO CONHECIMENTO IFBA - SENAI/CIMATEC - LNCC - UNEB - UEFS,Salvador,28001010064P0,5,EM FUNCIONAMENTO,UFBA,ACADÊMICO,203573,1,1,45,INTERDISCIPLINAR,428,"SOCIAIS, CULTURAS E HUMANIDADES",1,Educação Presencial,10,MULTIDISCIPLINAR
Mestrado/Doutorado,BIOSSISTEMAS,Ilhéus,29007003005P6,4,EM FUNCIONAMENTO,UFSB,ACADÊMICO,208970,1,0,49,CIÊNCIAS AMBIENTAIS,1352,CIÊNCIAS AMBIENTAIS,1,Educação Presencial,10,MULTIDISCIPLINAR
Mestrado,Ecologia e evolução,Feira de Santana,28002016011P7,3,EM FUNCIONAMENTO,UEFS,ACADÊMICO,203746,1,0,7,BIODIVERSIDADE,17,ECOLOGIA,1,Educação Presencial,2,CIÊNCIAS BIOLÓGICAS
Mestrado/Doutorado,BIOLOGIA E BIOTECNOLOGIA DE MICRORGANISMOS,ilhéus,28007018008P8,4,EM FUNCIONAMENTO,UESC,ACADÊMICO,203753,1,0,48,BIOTECNOLOGIA,85,BIOTECNOLOGIA,1,Educação Presencial,10,MULTIDISCIPLINAR
Mestrado/Doutorado,BIOTECNOLOGIA EM SAÚDE E MEDICINA INVESTIGATIVA,Salvador,28025016001P4,6,EM FUNCIONAMENTO,FIOCRUZ-CPqGM,ACADÊMICO,203810,1,0,16,MEDICINA II,271,ANATOMIA PATOLÓGICA E PATOLOGIA CLÍNICA,1,Educação Presencial,4,CIÊNCIAS DA SAÚDE
Mestrado Profissional,GESTÃO E TECNOLOGIA INDUSTRIAL - GETEC,Salvador,28023013001P1,5,EM FUNCIONAMENTO,SENAI CIMATEC,PROFISSIONAL,203801,2,0,45,INTERDISCIPLINAR,429,"ENGENHARIA, TECNOLOGIA E GESTÃO",1,Educação Presencial,10,MULTIDISCIPLINAR
Mestrado Profissional,ENGENHARIA INDUSTRIAL,Salvador,28001010071P7,4,EM FUNCIONAMENTO,UFBA,PROFISSIONAL,204176,2,0,13,ENGENHARIAS III,35,ENGENHARIA DE PRODUÇÃO,1,Educação Presencial,3,ENGENHARIAS
Mestrado/Doutorado,PROCESSOS INTERATIVOS DOS ÓRGÃOS E SISTEMAS,Salvador,28001010075P2,5,EM FUNCIONAMENTO,UFBA,ACADÊMICO,204218,1,0,45,INTERDISCIPLINAR,430,SAÚDE E BIOLÓGICAS,1,Educação Presencial,10,MULTIDISCIPLINAR
Mestrado/Doutorado,CRÍTICA CULTURAL,Alagoinhas ,28005015008P5,5,EM FUNCIONAMENTO,UNEB,ACADÊMICO,204224,1,0,41,LINGUíSTICA E LITERATURA,90,LETRAS,1,Educação Presencial,8,"LINGÜÍSTICA, LETRAS E ARTES"
Mestrado/Doutorado,FARMÁCIA,Salvador,28001010067P0,4,EM FUNCIONAMENTO,UFBA,ACADÊMICO,204050,1,0,19,FARMÁCIA,53,FARMÁCIA,1,Educação Presencial,4,CIÊNCIAS DA SAÚDE
Mestrado,Ciências Sociais,Cachoeira,28022017005P0,4,EM FUNCIONAMENTO,UFRB,ACADÊMICO,204250,1,0,34,SOCIOLOGIA,69,SOCIOLOGIA,1,Educação Presencial,7,CIÊNCIAS HUMANAS
Mestrado,ESTUDOS TERRITORIAIS,salvador,28005015074P8,3,EM FUNCIONAMENTO,UNEB,ACADÊMICO,207832,1,0,36,GEOGRAFIA,73,GEOGRAFIA,1,Educação Presencial,7,CIÊNCIAS HUMANAS
Mestrado/Doutorado,LÍNGUA E CULTURA,Salvador,28001010078P1,5,EM FUNCIONAMENTO,UFBA,ACADÊMICO,204344,1,0,41,LINGUíSTICA E LITERATURA,90,LETRAS,1,Educação Presencial,8,"LINGÜÍSTICA, LETRAS E ARTES"
Mestrado/Doutorado,LITERATURA E CULTURA,Salvador,28001010079P8,5,EM FUNCIONAMENTO,UFBA,ACADÊMICO,204345,1,0,41,LINGUíSTICA E LITERATURA,90,LETRAS,1,Educação Presencial,8,"LINGÜÍSTICA, LETRAS E ARTES"
Mestrado Profissional,"DIREITO, GOVERNANÇA E POLÍTICAS PÚBLICAS",Salvador,28013018062P9,4,EM FUNCIONAMENTO,UNIFACS,PROFISSIONAL,206440,2,0,45,INTERDISCIPLINAR,428,"SOCIAIS, CULTURAS E HUMANIDADES",1,Educação Presencial,10,MULTIDISCIPLINAR
Mestrado/Doutorado,Biodiversidade e Evolução,Salvador,28001010065P7,5,EM FUNCIONAMENTO,UFBA,ACADÊMICO,203574,1,0,7,BIODIVERSIDADE,16,ZOOLOGIA,1,Educação Presencial,2,CIÊNCIAS BIOLÓGICAS
Mestrado/Doutorado,Estudos Interdisciplinares sobre a Universidade,Salvador,28001010083P5,4,EM FUNCIONAMENTO,UFBA,ACADÊMICO,204472,1,0,45,INTERDISCIPLINAR,428,"SOCIAIS, CULTURAS E HUMANIDADES",1,Educação Presencial,10,MULTIDISCIPLINAR
Mestrado Profissional,Gestão de Políticas Públicas,Cruz das Almas,28022017008P0,4,EM FUNCIONAMENTO,UFRB,PROFISSIONAL,204485,2,0,39,CIÊNCIA POLÍTICA E RELAÇÕES INTERNACIONAIS,443,POLÍTICAS PÚBLICAS,1,Educação Presencial,7,CIÊNCIAS HUMANAS
Mestrado Profissional,Gestão e Tecnologias Aplicadas à Educação,salvador,28005015011P6,4,EM FUNCIONAMENTO,UNEB,PROFISSIONAL,204476,2,0,38,EDUCAÇÃO,86,EDUCAÇÃO,1,Educação Presencial,7,CIÊNCIAS HUMANAS
Mestrado,HISTÓRIA,salvador,28005015070P2,3,EM FUNCIONAMENTO,UNEB,ACADÊMICO,206508,1,0,40,HISTÓRIA,72,HISTÓRIA,1,Educação Presencial,7,CIÊNCIAS HUMANAS
Mestrado,Zootecnia,Cruz das Almas,28022017004P4,4,EM FUNCIONAMENTO,UFRB,ACADÊMICO,203777,1,1,23,ZOOTECNIA / RECURSOS PESQUEIROS,46,ZOOTECNIA,1,Educação Presencial,5,CIÊNCIAS AGRÁRIAS
Mestrado Profissional,"Segurança Pública, Justiça e Cidadania",Salvador,28001010085P8,3,EM FUNCIONAMENTO,UFBA,PROFISSIONAL,204610,2,0,45,INTERDISCIPLINAR,428,"SOCIAIS, CULTURAS E HUMANIDADES",1,Educação Presencial,10,MULTIDISCIPLINAR
Mestrado/Doutorado,EDUCAÇÃO,Feira de Santana,28002016015P2,4,EM FUNCIONAMENTO,UEFS,ACADÊMICO,204709,1,0,38,EDUCAÇÃO,86,EDUCAÇÃO,1,Educação Presencial,7,CIÊNCIAS HUMANAS
Mestrado/Doutorado,Zootecnia,salvador,28001010088P7,4,EM FUNCIONAMENTO,UFBA,ACADÊMICO,204714,1,0,23,ZOOTECNIA / RECURSOS PESQUEIROS,46,ZOOTECNIA,1,Educação Presencial,5,CIÊNCIAS AGRÁRIAS
Mestrado Profissional,DESENVOLVIMENTO SUSTENTÁVEL,salvador,28023013066P6,4,EM FUNCIONAMENTO,SENAI CIMATEC,PROFISSIONAL,208679,2,0,4,QUÍMICA,29,QUÍMICA,1,Educação Presencial,1,CIÊNCIAS EXATAS E DA TERRA
Mestrado Profissional,INTERVENÇÃO EDUCATIVA E SOCIAL,salvador,28005015072P5,4,EM FUNCIONAMENTO,UNEB,PROFISSIONAL,207628,2,0,45,INTERDISCIPLINAR,428,"SOCIAIS, CULTURAS E HUMANIDADES",1,Educação Presencial,10,MULTIDISCIPLINAR
Mestrado,DIREITO,salvador,28003012007P6,3,EM FUNCIONAMENTO,UCSAL,ACADÊMICO,207994,1,0,26,DIREITO,50,DIREITO,1,Educação Presencial,6,CIÊNCIAS SOCIAIS APLICADAS
Mestrado,MICROBIOLOGIA,salvador,28001010171P1,3,EM FUNCIONAMENTO,UFBA,ACADÊMICO,206784,1,0,9,CIÊNCIAS BIOLÓGICAS III,24,MICROBIOLOGIA,1,Educação Presencial,2,CIÊNCIAS BIOLÓGICAS
Mestrado/Doutorado,Relações Étnicas e Contemporaneidade,Jequié,28006011015P8,4,EM FUNCIONAMENTO,UESB,ACADÊMICO,205814,1,0,45,INTERDISCIPLINAR,428,"SOCIAIS, CULTURAS E HUMANIDADES",1,Educação Presencial,10,MULTIDISCIPLINAR
Mestrado Profissional,PSICOLOGIA DA SAÚDE,Vitória da conquista,28001010173P4,3,EM FUNCIONAMENTO,UFBA,PROFISSIONAL,207903,2,0,37,PSICOLOGIA,74,PSICOLOGIA,1,Educação Presencial,7,CIÊNCIAS HUMANAS
Mestrado Profissional,DANÇA,salvador,28001010174P0,3,EM FUNCIONAMENTO,UFBA,PROFISSIONAL,207904,2,0,11,ARTES,468,DANÇA,1,Educação Presencial,8,"LINGÜÍSTICA, LETRAS E ARTES"
Mestrado,ARTES,Porto Seguro,29007003009P1,A,EM FUNCIONAMENTO,UFSB,ACADÊMICO,210311,1,0,11,ARTES,91,ARTES,1,Educação Presencial,8,"LINGÜÍSTICA, LETRAS E ARTES"
Mestrado,Política Social e Territórios,Cachoeira,28022017015P6,3,EM FUNCIONAMENTO,UFRB,ACADÊMICO,207984,1,0,32,SERVIÇO SOCIAL,64,SERVIÇO SOCIAL,1,Educação Presencial,6,CIÊNCIAS SOCIAIS APLICADAS
Mestrado,Química,ilhéus,28007018019P0,3,EM FUNCIONAMENTO,UESC,ACADÊMICO,205345,1,0,4,QUÍMICA,29,QUÍMICA,1,Educação Presencial,1,CIÊNCIAS EXATAS E DA TERRA
Mestrado,"Educação, Cultura e Territórios Semiáridos",juazeiro,28005015013P9,3,EM FUNCIONAMENTO,UNEB,ACADÊMICO,205340,1,0,46,ENSINO,81,ENSINO,1,Educação Presencial,10,MULTIDISCIPLINAR
Mestrado/Doutorado,ESTATÍSTICA E CIÊNCIA DE DADOS,salvador,28001010178P6,A,EM FUNCIONAMENTO,UFBA,ACADÊMICO,210449,1,0,1,MATEMÁTICA / PROBABILIDADE E ESTATÍSTICA,98,ESTATÍSTICA,1,Educação Presencial,1,CIÊNCIAS EXATAS E DA TERRA
Mestrado,DESIGN,salvador,28001010179P2,A,EM PROJETO,UFBA,ACADÊMICO,210509,1,0,29,"ARQUITETURA, URBANISMO E DESIGN",66,DESENHO INDUSTRIAL,1,Educação Presencial,6,CIÊNCIAS SOCIAIS APLICADAS
Mestrado Profissional,ENFERMAGEM,ilhéus,28007018077P0,3,EM FUNCIONAMENTO,UESC,PROFISSIONAL,208049,2,0,20,ENFERMAGEM,54,ENFERMAGEM,1,Educação Presencial,4,CIÊNCIAS DA SAÚDE
Mestrado,ESTUDOS DE LINGUAGENS: CONTEXTOS LUSÓFONOS BRASIL-ÁFRICA,São Francisco do Conde,22011030001P5,A,EM FUNCIONAMENTO,UNILAB-MALÊS,ACADÊMICO,209728,1,0,41,LINGUíSTICA E LITERATURA,90,LETRAS,1,Educação Presencial,8,"LINGÜÍSTICA, LETRAS E ARTES"
Mestrado,Ciências Ambientais,Barreiras,28049012001P3,3,EM FUNCIONAMENTO,UFOB,ACADÊMICO,206255,1,0,49,CIÊNCIAS AMBIENTAIS,1352,CIÊNCIAS AMBIENTAIS,1,Educação Presencial,10,MULTIDISCIPLINAR
Mestrado,DIREITO,Feira de Santana,28002016023P5,A,EM PROJETO,UEFS,ACADÊMICO,210842,1,1,26,DIREITO,50,DIREITO,,,6,CIÊNCIAS SOCIAIS APLICADAS
Mestrado,QUÍMICA APLICADA,salvador,28005015004P0,3,EM FUNCIONAMENTO,UNEB,ACADÊMICO,202565,1,0,4,QUÍMICA,29,QUÍMICA,1,Educação Presencial,1,CIÊNCIAS EXATAS E DA TERRA
Mestrado/Doutorado,ARQUEOLOGIA E PATRIMÔNIO CULTURAL,Cachoeira,28022017013P3,4,EM FUNCIONAMENTO,UFRB,ACADÊMICO,207728,1,0,35,ANTROPOLOGIA / ARQUEOLOGIA,71,ARQUEOLOGIA,1,Educação Presencial,7,CIÊNCIAS HUMANAS
Mestrado Profissional,PESQUISA CLINICA E TRANSLACIONAL,,28025016002P0,3,EM FUNCIONAMENTO,FIOCRUZ-CPqGM,PROFISSIONAL,206725,2,0,15,MEDICINA I,51,MEDICINA,1,Educação Presencial,4,CIÊNCIAS DA SAÚDE
Mestrado/Doutorado,GEOGRAFIA,Vitória da Conquista,28006011170P3,4,EM FUNCIONAMENTO,UESB,ACADÊMICO,206781,1,0,36,GEOGRAFIA,73,GEOGRAFIA,1,Educação Presencial,7,CIÊNCIAS HUMANAS
Mestrado/Doutorado,ENGENHARIA CIVIL,Salvador,28001010172P8,5,EM FUNCIONAMENTO,UFBA,ACADÊMICO,206790,1,0,10,ENGENHARIAS I,26,ENGENHARIA CIVIL,1,Educação Presencial,3,ENGENHARIAS
Doutorado Profissional,GESTÃO E TECNOLOGIA INDUSTRIAL - GETEC,Salvador,28023013065P0,4,EM FUNCIONAMENTO,SENAI CIMATEC,PROFISSIONAL,206989,2,0,45,INTERDISCIPLINAR,429,"ENGENHARIA, TECNOLOGIA E GESTÃO",1,Educação Presencial,10,MULTIDISCIPLINAR
Mestrado,BIOCIÊNCIAS E SAÚDE,Barreiras,28049012007P1,A,EM FUNCIONAMENTO,UFOB,ACADÊMICO,210476,1,0,19,FARMÁCIA,53,FARMÁCIA,1,Educação Presencial,4,CIÊNCIAS DA SAÚDE
Mestrado Profissional,ENGENHARIA DE MATERIAIS,Salvador,28010019066P5,3,EM FUNCIONAMENTO,IFBA,PROFISSIONAL,208108,2,0,47,MATERIAIS,84,MATERIAIS,1,Educação Presencial,10,MULTIDISCIPLINAR
Mestrado,HISTÓRIA REGIONAL E LOCAL,Santo Antônio de Jesus,28005015007P9,4,EM FUNCIONAMENTO,UNEB,ACADÊMICO,202702,1,0,40,HISTÓRIA,347,HISTÓRIA DO BRASIL,1,Educação Presencial,7,CIÊNCIAS HUMANAS
Mestrado Profissional,"ENSINO, LINGUAGEM E SOCIEDADE",Caetité ,28005015075P4,3,EM FUNCIONAMENTO,UNEB,PROFISSIONAL,207857,2,0,46,ENSINO,81,ENSINO,1,Educação Presencial,10,MULTIDISCIPLINAR
Mestrado Profissional,"EDUCAÇÃO CIENTÍFICA, INCLUSÃO E DIVERSIDADE",Feira de Santana,28022017014P0,3,EM FUNCIONAMENTO,UFRB,PROFISSIONAL,207888,2,0,46,ENSINO,81,ENSINO,1,Educação Presencial,10,MULTIDISCIPLINAR
Mestrado Profissional,SAÚDE COLETIVA,salvador,28005015076P0,3,EM FUNCIONAMENTO,UNEB,PROFISSIONAL,207884,2,0,22,SAÚDE COLETIVA,56,Salvador,1,Educação Presencial,4,CIÊNCIAS DA SAÚDE
Mestrado,HISTÓRIA: ATLÂNTICO E DIÁSPORA AFRICANA,ilhéus,28007018076P3,3,EM FUNCIONAMENTO,UESC,ACADÊMICO,207972,1,0,40,HISTÓRIA,72,HISTÓRIA,1,Educação Presencial,7,CIÊNCIAS HUMANAS
Mestrado,SERVIÇO SOCIAL,Salvador,28001010175P7,3,EM FUNCIONAMENTO,UFBA,ACADÊMICO,207983,1,0,32,SERVIÇO SOCIAL,64,SERVIÇO SOCIAL,1,Educação Presencial,6,CIÊNCIAS SOCIAIS APLICADAS
Mestrado,CIÊNCIAS HUMANAS E SOCIAIS,Barreiras,28049012003P6,3,EM FUNCIONAMENTO,UFOB,ACADÊMICO,207990,1,0,45,INTERDISCIPLINAR,428,"SOCIAIS, CULTURAS E HUMANIDADES",1,Educação Presencial,10,MULTIDISCIPLINAR
Mestrado Profissional,PSICOLOGIA E INTERVENÇÕES EM SAÚDE,Salvador,28008014005P5,3,EM FUNCIONAMENTO,EBMSP,PROFISSIONAL,208100,2,0,37,PSICOLOGIA,74,PSICOLOGIA,1,Educação Presencial,7,CIÊNCIAS HUMANAS
Mestrado,LETRAS,teixeira de freitas,28005015078P3,A,EM FUNCIONAMENTO,UNEB,ACADÊMICO,209350,1,0,41,LINGUíSTICA E LITERATURA,90,LETRAS,1,Educação Presencial,8,"LINGÜÍSTICA, LETRAS E ARTES"
Mestrado Profissional,PATOLOGIA INVESTIGATIVA,Barreiras,28049012004P2,3,EM FUNCIONAMENTO,UFOB,PROFISSIONAL,208868,2,0,16,MEDICINA II,271,ANATOMIA PATOLÓGICA E PATOLOGIA CLÍNICA,1,Educação Presencial,4,CIÊNCIAS DA SAÚDE
Mestrado,TECNOLOGIAS DAS LINGUAGENS,salvador ,28005015080P8,A,EM FUNCIONAMENTO,UNEB,ACADÊMICO,210312,1,0,41,LINGUíSTICA E LITERATURA,90,LETRAS,1,Educação Presencial,8,"LINGÜÍSTICA, LETRAS E ARTES"
Mestrado,MODELAGEM E SIMULACÃO DE BIOSSISTEMAS,alagoinhas ,28005015077P7,A,EM FUNCIONAMENTO,UNEB,ACADÊMICO,209328,1,0,45,INTERDISCIPLINAR,429,"ENGENHARIA, TECNOLOGIA E GESTÃO",1,Educação Presencial,10,MULTIDISCIPLINAR
Mestrado/Doutorado,ARTES VISUAIS,Salvador,28001010030P9,4,EM FUNCIONAMENTO,UFBA,ACADÊMICO,382,1,0,11,ARTES,91,ARTES,1,Educação Presencial,8,"LINGÜÍSTICA, LETRAS E ARTES"
Mestrado,CIÊNCIAS E SUSTENTABILIDADE,Teixeira de Freitas,29007003007P9,A,EM FUNCIONAMENTO,UFSB,ACADÊMICO,209571,1,0,45,INTERDISCIPLINAR,427,POLÍTICAS E DESENVOLVIMENTO DE TERRITÓRIOS,1,Educação Presencial,10,MULTIDISCIPLINAR
Mestrado,CIÊNCIAS FARMACÊUTICAS,salvadpr,28005015073P1,3,EM FUNCIONAMENTO,UNEB,ACADÊMICO,207610,1,0,19,FARMÁCIA,53,FARMÁCIA,1,Educação Presencial,4,CIÊNCIAS DA SAÚDE
Mestrado,ENSINO DE MATEMÁTICA,Feira de Santana,28002016021P2,A,EM FUNCIONAMENTO,UEFS,ACADÊMICO,210228,1,0,46,ENSINO,81,ENSINO,1,Educação Presencial,10,MULTIDISCIPLINAR
Mestrado,EDUCAÇÃO E FORMAÇÃO DOCENTE (PPGEDUF),Guanambi ,28005015079P0,A,EM FUNCIONAMENTO,UNEB,ACADÊMICO,210221,1,0,38,EDUCAÇÃO,86,EDUCAÇÃO,1,Educação Presencial,7,CIÊNCIAS HUMANAS
Mestrado,"GESTÃO, ORGANIZAÇÕES E SOCIEDADE",Feira de Santana,28002016022P9,A,EM PROJETO,UEFS,ACADÊMICO,210559,1,0,27,"ADMINISTRAÇÃO PÚBLICA E DE EMPRESAS, CIÊNCIAS CONTÁBEIS E TURISMO",75,ADMINISTRAÇÃO,,,6,CIÊNCIAS SOCIAIS APLICADAS
Mestrado,ARTES,Cachoeira,28022017017P9,A,EM PROJETO,UFRB,ACADÊMICO,210557,1,0,11,ARTES,91,ARTES,,,8,"LINGÜÍSTICA, LETRAS E ARTES"
Mestrado Profissional/Doutorado Profissional,"HISTÓRIA DA ÁFRICA, DA DIÁSPORA E DOS POVOS INDÍGENAS",Cachoeira,28022017011P0,4,EM FUNCIONAMENTO,UFRB,PROFISSIONAL,205385,2,0,40,HISTÓRIA,72,HISTÓRIA,1,Educação Presencial,7,CIÊNCIAS HUMANAS
Mestrado Profissional,Ensino e Relações Étnico-Raciais,Teixeira de Freitas,29007003004P0,4,EM FUNCIONAMENTO,UFSB,PROFISSIONAL,207373,2,0,46,ENSINO,81,ENSINO,1,Educação Presencial,10,MULTIDISCIPLINAR
Mestrado,HISTÓRIA,Barreiras,28049012008P8,A,EM PROJETO,UFOB,ACADÊMICO,210656,1,0,40,HISTÓRIA,72,HISTÓRIA,,,7,CIÊNCIAS HUMANAS
Mestrado/Doutorado,BIOTECNOLOGIA,salvador,28001010080P6,5,EM FUNCIONAMENTO,UFBA,ACADÊMICO,204385,1,0,48,BIOTECNOLOGIA,85,BIOTECNOLOGIA,1,Educação Presencial,10,MULTIDISCIPLINAR
Mestrado Profissional,CIÊNCIAS AMBIENTAIS,serrinha,29002001002P5,3,EM FUNCIONAMENTO,IFBAIANO,PROFISSIONAL,208045,2,0,49,CIÊNCIAS AMBIENTAIS,1352,CIÊNCIAS AMBIENTAIS,1,Educação Presencial,10,MULTIDISCIPLINAR
Mestrado,CIÊNCIAS DO CUIDAR EM SAÚDE,Caetité ,28005015081P4,A,EM PROJETO,UNEB,ACADÊMICO,210560,1,0,20,ENFERMAGEM,54,ENFERMAGEM,,,4,CIÊNCIAS DA SAÚDE
Mestrado/Doutorado,DESENVOLVIMENTO REGIONAL E URBANO,Salvador,28013018001P0,4,EM FUNCIONAMENTO,UNIFACS,ACADÊMICO,411,1,0,30,PLANEJAMENTO URBANO E REGIONAL / DEMOGRAFIA,78,PLANEJAMENTO URBANO E REGIONAL,1,Educação Presencial,6,CIÊNCIAS SOCIAIS APLICADAS
Mestrado,GEOGRAFIA,ilhéus,28007018079P2,A,EM PROJETO,UESC,ACADÊMICO,210742,1,0,36,GEOGRAFIA,73,GEOGRAFIA,,,7,CIÊNCIAS HUMANAS
Mestrado,FILOSOFIA,ilhéus,28007018078P6,A,EM PROJETO,UESC,ACADÊMICO,210756,1,1,33,FILOSOFIA,68,FILOSOFIA,,,7,CIÊNCIAS HUMANAS
Mestrado,ESTUDOS AFRICANOS E REPRESENTAÇÕES DA ÁFRICA,Salvador,28005015083P7,A,EM PROJETO,UNEB,ACADÊMICO,211031,1,0,45,INTERDISCIPLINAR,428,"SOCIAIS, CULTURAS E HUMANIDADES",,,10,MULTIDISCIPLINAR